,second_name,first_name,team,element_type,selected_by_percent,minutes,value_season,total_points,bps,influence,creativity,threat,goals_scored,assists,clean_sheets,goals_conceded,own_goals,penalties_saved,penalties_missed,yellow_cards,red_cards,saves,bonus,position
32,Martínez,Emiliano,Aston Villa,1,39.0,3420,33.8,186,825,1067.2,20.0,0.0,0,0,15,46,0,1,0,1,0,142,27,Goalkeeper
227,Dallas,Stuart,Leeds,3,17.0,3410,31.1,171,726,756.8,454.6,527.0,8,3,12,53,0,0,0,7,0,0,15,Midfielder
238,Meslier,Illan,Leeds,1,5.1,3150,30.8,154,774,1026.0,10.0,0.0,0,0,11,52,1,1,0,0,0,140,20,Goalkeeper
451,Cresswell,Aaron,West Ham,2,19.2,3170,27.8,153,730,669.4,898.6,96.0,0,11,11,41,0,0,0,3,0,0,21,Defender
40,Targett,Matt,Aston Villa,2,9.7,3404,27.6,138,710,690.4,607.0,122.0,0,4,16,44,0,0,0,7,0,0,9,Defender
154,Guaita,Vicente,Crystal Palace,1,5.9,3330,27.6,124,639,819.4,0.0,0.0,0,0,8,64,0,1,0,2,0,107,15,Goalkeeper
385,Lloris,Hugo,Spurs,1,4.3,3420,27.1,149,702,868.0,0.0,0.0,0,0,12,45,0,0,0,0,0,114,13,Goalkeeper
239,Harrison,Jack,Leeds,3,5.5,2846,26.7,160,542,759.2,821.7,666.0,8,10,11,45,0,0,0,2,0,0,15,Midfielder
279,Santana de Moraes,Ederson,Man City,1,10.0,3240,26.7,160,696,586.0,10.0,0.0,0,1,19,28,0,1,0,3,0,66,3,Goalkeeper
448,Fabianski,Lukasz,West Ham,1,2.5,3150,26.6,133,634,745.2,0.0,0.0,0,0,10,44,0,1,0,2,0,102,11,Goalkeeper
468,dos Santos Patrício,Rui Pedro,Wolves,1,0.2,3330,26.4,132,626,763.6,0.0,0.0,0,0,10,51,0,1,0,1,0,100,12,Goalkeeper
0,Leno,Bernd,Arsenal,1,2.3,3131,26.2,131,625,702.2,0.0,2.0,0,0,11,37,1,1,0,0,1,86,11,Goalkeeper
310,Wan-Bissaka,Aaron,Man Utd,2,11.3,3060,26.2,144,729,785.4,498.2,159.0,2,5,13,36,0,0,0,3,0,0,11,Defender
119,Pope,Nick,Burnley,1,5.4,2880,26.2,144,652,846.6,20.0,2.0,0,0,11,37,0,0,0,1,0,114,20,Goalkeeper
86,Dunk,Lewis,Brighton,2,6.7,2932,26.0,130,626,720.4,136.7,443.0,5,0,11,40,1,0,0,5,2,0,17,Defender
458,Coufal,Vladimir,West Ham,2,15.3,3054,25.6,128,625,693.8,670.9,220.0,0,9,9,43,0,0,0,3,0,0,12,Defender
39,Mings,Tyrone,Aston Villa,2,7.9,3194,25.6,128,633,798.4,97.3,293.0,2,2,14,42,1,0,0,4,1,0,8,Defender
197,Schmeichel,Kasper,Leicester,1,13.9,3420,25.6,128,631,769.0,0.0,0.0,0,0,11,50,1,0,0,0,0,88,6,Goalkeeper
181,Keane,Michael,Everton,2,3.1,2989,25.4,127,649,814.0,87.8,243.0,3,1,11,43,0,0,0,4,0,0,13,Defender
466,Areola,Alphonse,West Ham,1,1.0,3240,24.8,124,637,876.2,0.0,0.0,0,0,9,48,0,0,0,2,0,116,9,Goalkeeper
462,Soucek,Tomas,West Ham,3,11.1,3420,24.5,147,555,889.8,271.1,925.0,10,2,11,47,1,0,0,7,1,0,16,Midfielder
228,Bamford,Patrick,Leeds,4,18.3,3052,24.2,194,631,867.2,371.0,1512.0,17,11,10,50,0,0,0,3,0,0,26,Forward
371,Ward-Prowse,James,Southampton,3,7.0,3420,24.0,156,772,940.0,971.2,355.0,8,7,9,68,0,0,1,5,0,0,17,Midfielder
46,Konsa Ngoyo,Ezri,Aston Villa,2,1.3,3195,23.8,119,580,695.6,34.2,276.0,2,0,12,46,0,0,0,3,0,0,8,Defender
284,Gato Alves Dias,Rúben Santos,Man City,2,27.2,2843,23.7,142,656,651.6,91.0,218.0,1,1,17,21,1,0,0,4,0,0,12,Defender
470,Coady,Conor,Wolves,2,8.7,3303,23.6,106,606,692.2,40.1,85.0,1,0,10,51,0,0,0,5,0,0,7,Defender
274,Stones,John,Man City,2,11.8,1933,23.3,128,531,520.0,79.8,192.0,4,0,14,12,0,0,0,0,1,0,11,Defender
152,Mendy,Edouard,Chelsea,1,8.7,2745,23.3,140,613,470.2,0.0,0.0,0,0,16,25,0,1,0,2,0,57,8,Goalkeeper
13,Holding,Rob,Arsenal,2,3.2,2557,23.3,105,536,602.6,76.1,97.0,0,1,11,26,1,0,0,2,0,0,10,Defender
252,Ramses Becker,Alisson,Liverpool,1,5.4,2970,23.3,140,660,776.4,0.1,17.0,1,0,10,32,0,1,0,1,0,84,13,Goalkeeper
144,Chilwell,Benjamin,Chelsea,2,13.3,2286,23.2,139,549,545.0,535.8,408.0,3,6,12,23,0,0,0,3,0,0,11,Defender
27,White,Ben,Arsenal,2,23.3,3192,23.1,104,571,488.6,152.5,153.0,0,0,12,44,0,0,0,3,1,0,5,Defender
255,Robertson,Andrew,Liverpool,2,13.4,3384,23.0,161,834,754.4,1129.3,359.0,1,8,12,42,0,0,0,2,0,0,19,Defender
278,Cancelo,João Pedro Cavaco,Man City,2,7.7,2298,23.0,138,610,569.8,673.0,394.0,2,4,14,21,0,0,0,5,1,0,18,Defender
117,Lowton,Matthew,Burnley,2,3.3,3060,22.9,103,545,551.2,380.8,125.0,1,1,10,47,0,0,0,5,0,0,6,Defender
391,Son,Heung-Min,Spurs,3,17.3,3119,22.8,228,777,1052.2,1049.9,1046.0,17,11,13,36,0,0,0,0,0,0,26,Midfielder
182,Pickford,Jordan,Everton,1,8.2,2742,22.8,114,570,698.4,10.1,0.0,0,0,10,39,0,0,0,1,0,89,8,Goalkeeper
34,Traoré,Bertrand,Aston Villa,3,1.9,2315,22.5,135,407,528.4,530.6,917.0,7,7,11,31,0,0,0,1,0,0,7,Midfielder
297,Shaw,Luke,Man Utd,2,49.4,2653,22.5,124,640,596.0,1085.9,243.0,1,5,10,33,1,0,0,8,0,0,22,Defender
295,Maguire,Harry,Man Utd,2,11.0,3047,22.5,124,632,701.4,133.6,428.0,2,2,13,36,0,0,0,11,0,0,8,Defender
41,Watkins,Ollie,Aston Villa,4,28.8,3328,22.4,168,531,815.4,610.4,1721.0,14,9,14,46,0,0,1,2,1,0,18,Forward
95,Sánchez,Robert,Brighton,1,23.2,2430,22.4,101,514,542.2,10.0,4.0,0,0,10,27,0,0,0,2,0,66,8,Goalkeeper
224,Ayling,Luke,Leeds,2,12.1,3399,22.2,100,665,843.2,421.4,350.0,0,0,12,54,0,0,0,7,0,0,2,Defender
478,Cabral Semedo,Nélson,Wolves,2,1.8,2983,21.8,109,548,595.2,412.9,297.0,1,3,9,45,1,0,0,5,0,0,11,Defender
105,Tarkowski,James,Burnley,2,1.4,3240,21.8,109,534,773.4,148.0,350.0,1,0,11,50,0,0,0,6,0,0,9,Defender
180,Digne,Lucas,Everton,2,22.9,2681,21.8,120,590,592.6,704.2,136.0,0,9,9,42,0,0,0,2,1,0,18,Defender
460,Bowen,Jarrod,West Ham,3,2.1,2556,21.7,141,434,529.8,493.5,812.0,8,6,9,33,0,0,0,0,0,0,8,Midfielder
397,Højbjerg,Pierre-Emile,Spurs,3,2.9,3420,21.4,107,578,728.8,308.7,146.0,2,4,12,45,0,0,0,9,0,0,6,Midfielder
258,Alexander-Arnold,Trent,Liverpool,2,28.6,3029,21.3,160,761,789.6,1238.8,529.0,2,8,10,40,0,0,0,2,0,0,26,Defender
89,Veltman,Joël,Brighton,2,3.8,2280,21.3,96,432,484.4,366.0,169.0,1,1,9,27,0,0,0,3,0,0,10,Defender
365,McCarthy,Alex,Southampton,1,2.0,2700,20.9,94,527,741.2,0.0,0.0,0,0,7,57,0,0,0,2,0,93,8,Goalkeeper
373,Bednarek,Jan,Southampton,2,1.5,3100,20.9,94,584,692.0,75.0,164.0,1,1,9,62,1,0,0,5,1,0,11,Defender
272,Gündogan,Ilkay,Man City,3,5.7,2025,20.9,157,620,754.6,688.4,712.0,13,4,12,16,0,0,1,1,0,0,22,Midfielder
168,Eze,Eberechi,Crystal Palace,3,0.1,2555,20.8,125,470,516.2,653.1,383.0,4,8,6,51,0,0,0,3,0,0,17,Midfielder
463,Fornals,Pablo,West Ham,3,0.5,2571,20.8,125,430,491.8,441.3,631.0,5,7,9,33,0,0,0,3,0,0,10,Midfielder
174,Andersen,Joachim,Crystal Palace,2,0.5,2729,20.7,93,501,582.8,109.3,151.0,1,1,9,36,0,0,0,6,1,0,7,Defender
189,Calvert-Lewin,Dominic,Everton,4,27.6,2871,20.6,165,528,745.8,308.0,1439.0,16,6,11,39,0,0,0,3,0,0,21,Forward
235,Dias Belloli,Raphael,Leeds,3,21.0,2358,20.5,133,489,719.6,889.3,902.0,6,10,9,34,0,0,0,3,0,0,11,Midfielder
207,Tielemans,Youri,Leicester,3,4.5,3356,20.5,133,633,840.4,788.2,462.0,6,4,11,50,0,0,0,6,0,0,11,Midfielder
114,Westwood,Ashley,Burnley,3,0.7,3410,20.4,112,585,559.2,843.2,156.0,3,4,11,55,0,0,0,7,0,0,5,Midfielder
113,Mee,Ben,Burnley,2,0.9,2693,20.4,102,500,691.0,71.6,312.0,2,0,10,41,0,0,0,3,0,0,7,Defender
151,James,Reece,Chelsea,2,8.7,2367,20.4,112,572,527.4,697.3,399.0,1,3,9,29,0,0,0,3,0,0,15,Defender
306,Lindelöf,Victor,Man Utd,2,0.6,2585,20.4,102,527,503.0,102.6,56.0,1,1,10,30,0,0,0,0,0,0,3,Defender
299,Borges Fernandes,Bruno Miguel,Man Utd,3,41.1,3101,20.3,244,870,1292.6,1414.9,1253.0,18,14,13,36,0,0,1,6,0,0,36,Midfielder
91,Trossard,Leandro,Brighton,3,1.5,2602,20.3,132,406,543.4,725.1,759.0,5,6,12,30,0,0,0,2,0,0,15,Midfielder
215,Justin,James,Leicester,2,0.1,2070,20.2,101,447,472.2,290.7,195.0,2,2,9,25,0,0,0,4,0,0,13,Defender
191,Godfrey,Ben,Everton,2,1.3,2683,20.0,100,537,610.4,84.3,152.0,0,2,11,35,1,0,0,4,0,0,7,Defender
449,Ogbonna,Angelo,West Ham,2,0.5,2492,20.0,100,461,489.8,56.4,244.0,3,0,9,34,0,0,0,5,0,0,5,Defender
198,Evans,Jonny,Leicester,2,1.4,2473,19.8,109,536,532.4,129.0,115.0,2,2,10,31,1,0,0,7,0,0,12,Defender
472,Saïss,Romain,Wolves,2,0.7,2407,19.8,99,466,584.6,101.2,347.0,3,0,8,40,0,0,0,2,0,0,11,Defender
116,Wood,Chris,Burnley,4,2.8,2741,19.7,138,395,595.8,323.2,1129.0,12,3,9,43,0,0,0,0,0,0,16,Forward
375,Adams,Che,Southampton,4,1.8,2662,19.6,137,443,581.8,488.6,964.0,9,7,7,51,0,0,0,1,0,0,16,Forward
137,Zouma,Kurt,Chelsea,2,1.7,2027,19.6,108,481,577.8,72.6,339.0,5,0,9,25,0,0,0,3,0,0,6,Defender
147,Mount,Mason,Chelsea,3,20.2,2887,19.6,147,599,770.4,1336.9,954.0,6,7,14,32,0,0,0,2,0,0,16,Midfielder
162,Zaha,Wilfried,Crystal Palace,3,6.5,2612,19.4,136,362,572.6,428.5,1003.0,11,4,6,52,0,0,0,6,0,0,11,Midfielder
389,Kane,Harry,Spurs,4,24.7,3083,19.4,242,880,1318.2,659.1,1585.0,23,14,12,39,0,0,0,1,0,0,40,Forward
82,Groß,Pascal,Brighton,3,0.5,2479,19.3,116,525,620.4,1087.8,415.0,3,8,10,28,0,0,1,3,0,0,11,Midfielder
369,Armstrong,Stuart,Southampton,3,0.4,2764,19.2,115,455,541.2,496.7,457.0,4,7,8,56,0,0,0,3,0,0,4,Midfielder
15,Tierney,Kieran,Arsenal,2,8.6,2299,19.2,96,483,446.4,490.1,201.0,1,4,8,27,0,0,0,4,0,0,4,Defender
482,Lomba Neto,Pedro,Wolves,3,0.1,2549,19.1,124,492,594.2,1007.3,722.0,5,8,9,38,0,0,0,4,0,0,10,Midfielder
132,Frello Filho,Jorge Luiz,Chelsea,3,3.7,2006,19.0,114,485,588.8,383.5,175.0,7,2,14,17,0,0,2,2,0,0,15,Midfielder
209,Maddison,James,Leicester,3,11.5,2093,19.0,133,473,588.4,770.3,668.0,8,7,10,28,0,0,0,4,0,0,12,Midfielder
36,McGinn,John,Aston Villa,3,0.8,3330,19.0,114,492,579.0,600.5,361.0,3,7,14,46,0,0,0,12,0,0,2,Midfielder
477,da Silva Neves,Rúben Diogo,Wolves,3,1.4,2670,18.9,104,502,697.2,455.0,445.0,5,1,8,42,0,0,0,8,0,0,10,Midfielder
88,Webster,Adam,Brighton,2,0.6,2594,18.9,85,470,505.4,96.6,244.0,1,0,9,35,0,0,0,4,0,0,0,Defender
128,Azpilicueta,César,Chelsea,2,3.4,2187,18.8,113,518,502.2,413.3,164.0,1,2,13,20,0,0,0,5,1,0,12,Defender
8,Bellerín,Héctor,Arsenal,2,0.8,2089,18.8,94,421,362.8,351.8,232.0,1,3,7,24,0,0,0,8,0,0,17,Defender
125,McNeil,Dwight,Burnley,3,0.3,3068,18.8,113,493,591.8,790.3,277.0,2,5,11,50,0,0,0,1,0,0,8,Midfielder
372,Walker-Peters,Kyle,Southampton,2,1.0,2646,18.6,93,498,497.6,262.2,316.0,0,3,9,41,0,0,0,4,0,0,7,Defender
254,Salah,Mohamed,Liverpool,3,48.8,3077,18.5,231,657,1056.0,825.7,1980.0,22,6,11,41,0,0,0,0,0,0,21,Midfielder
43,El Ghazi,Anwar,Aston Villa,3,0.8,1604,18.5,111,339,500.4,426.1,726.0,10,0,5,22,0,0,0,2,0,0,13,Midfielder
120,Taylor,Charlie,Burnley,2,1.0,2425,18.4,83,451,494.4,248.5,52.0,0,2,8,42,0,0,0,1,0,0,5,Defender
303,Rashford,Marcus,Man Utd,3,0.9,2917,18.3,174,535,793.2,682.1,1127.0,11,11,12,39,0,0,0,4,0,0,9,Midfielder
292,de Gea,David,Man Utd,1,1.9,2295,18.2,91,416,464.2,0.0,0.0,0,0,9,32,0,0,0,0,0,59,4,Goalkeeper
158,Kouyaté,Cheikhou,Crystal Palace,2,0.5,3121,18.2,82,438,574.8,103.0,134.0,1,0,8,56,0,0,0,4,0,0,2,Defender
225,Klich,Mateusz,Leeds,3,0.5,2386,18.0,99,407,464.6,661.4,333.0,4,5,8,44,0,0,0,6,0,0,3,Midfielder
212,Barnes,Harvey,Leicester,3,7.6,1944,18.0,126,348,556.4,359.0,810.0,9,5,7,25,0,0,0,0,0,0,13,Midfielder
320,Wilson,Callum,Newcastle,4,5.5,2081,17.9,134,409,557.4,230.4,761.0,12,6,5,37,0,0,0,2,0,0,22,Forward
202,Vardy,Jamie,Leicester,4,9.9,2838,17.8,187,649,819.2,356.6,1306.0,15,14,8,44,0,0,1,1,0,0,23,Forward
45,Cash,Matthew,Aston Villa,2,2.0,2373,17.8,89,468,520.8,352.9,110.0,0,2,11,35,0,0,0,6,1,0,8,Defender
402,Reguilón,Sergio,Spurs,2,2.6,2244,17.8,89,413,361.2,309.4,253.0,0,6,8,31,1,0,0,5,0,0,4,Defender
190,Holgate,Mason,Everton,2,1.1,2286,17.8,80,426,432.2,126.0,80.0,1,0,9,32,0,0,0,9,0,0,4,Defender
318,Darlow,Karl,Newcastle,1,1.4,2250,17.8,80,450,682.4,0.0,0.0,0,0,4,43,0,1,0,3,0,88,6,Goalkeeper
332,Almirón,Miguel,Newcastle,3,0.5,2426,17.6,97,367,452.6,447.3,425.0,4,2,5,48,0,0,0,3,0,0,8,Midfielder
387,Alderweireld,Toby,Spurs,2,0.2,2240,17.6,88,469,559.8,106.5,178.0,1,0,10,25,1,0,0,2,0,0,4,Defender
21,Saka,Bukayo,Arsenal,3,14.7,2554,17.5,114,414,493.0,650.6,984.0,5,5,8,31,1,0,0,1,0,0,8,Midfielder
176,Sigurdsson,Gylfi,Everton,3,3.1,2244,17.4,122,443,530.6,644.2,510.0,6,5,10,29,0,0,1,2,0,0,13,Midfielder
370,Vestergaard,Jannik,Southampton,2,1.1,2574,17.2,86,494,671.8,102.1,294.0,3,1,6,47,0,0,0,3,1,0,4,Defender
461,Rice,Declan,West Ham,3,4.2,2880,17.2,86,520,561.2,343.8,303.0,2,1,11,37,0,0,1,2,0,0,2,Midfielder
393,Dier,Eric,Spurs,2,1.3,2520,17.1,77,463,577.0,82.2,114.0,0,0,8,34,0,0,0,3,0,0,2,Defender
195,Townsend,Andros,Everton,3,0.5,2250,17.1,94,378,511.4,694.6,311.0,1,5,7,37,0,0,0,0,0,0,8,Midfielder
96,Bissouma,Yves,Brighton,3,13.9,3112,17.1,77,487,523.6,295.5,196.0,1,0,11,42,0,0,0,8,1,0,2,Midfielder
206,Castagne,Timothy,Leicester,2,3.6,2345,17.1,94,479,486.6,350.2,181.0,2,4,6,37,0,0,0,1,0,0,7,Defender
270,Grealish,Jack,Man City,3,31.7,2183,16.9,135,531,707.4,1029.6,917.0,6,12,12,28,0,0,0,6,0,0,13,Midfielder
287,Foden,Phil,Man City,3,9.4,1607,16.9,135,479,580.8,545.8,734.0,9,8,6,16,0,0,0,0,0,0,17,Midfielder
136,Rüdiger,Antonio,Chelsea,2,5.9,1710,16.9,93,429,368.6,83.8,201.0,1,0,11,10,1,0,0,0,0,0,9,Defender
130,Emiliano da Silva,Thiago,Chelsea,2,3.3,1935,16.7,92,481,537.8,84.9,223.0,2,0,10,25,0,0,0,3,1,0,10,Defender
271,Walker,Kyle,Man City,2,5.2,1944,16.5,91,410,332.2,200.9,88.0,1,1,9,20,0,0,0,1,0,0,7,Defender
307,McTominay,Scott,Man Utd,3,0.6,2124,16.5,91,413,523.2,270.5,314.0,4,2,9,25,0,0,0,3,0,0,4,Midfielder
288,Hernandez,Rodrigo,Man City,3,0.4,2747,16.5,91,531,640.6,546.3,335.0,2,2,13,27,0,0,0,6,0,0,5,Midfielder
407,Ndombele,Tanguy,Spurs,3,0.4,2086,16.5,99,407,408.0,270.8,281.0,3,3,12,24,0,0,0,3,0,0,7,Midfielder
192,de Andrade,Richarlison,Everton,4,6.7,2862,16.4,123,415,576.4,359.7,1147.0,7,6,11,38,0,0,0,4,1,0,18,Forward
122,Brownhill,Josh,Burnley,3,3.3,2812,16.4,74,359,350.4,309.1,384.0,0,1,10,42,0,0,0,2,0,0,0,Midfielder
54,Ings,Danny,Aston Villa,4,11.1,2172,16.4,131,464,634.6,300.7,866.0,12,4,6,40,0,0,0,1,0,0,21,Forward
157,Benteke,Christian,Crystal Palace,4,1.3,1808,16.3,106,338,512.6,236.5,1030.0,10,2,5,34,0,0,0,1,1,0,14,Forward
90,Maupay,Neal,Brighton,4,2.2,2508,16.2,105,334,442.2,443.2,1103.0,8,2,10,34,0,0,1,1,1,0,12,Forward
177,Coleman,Seamus,Everton,2,0.6,1607,16.2,81,371,322.6,268.2,189.0,0,3,8,19,0,0,0,0,0,0,4,Defender
276,Mahrez,Riyad,Man City,3,5.9,1945,16.1,145,505,606.0,693.6,893.0,9,8,11,22,0,0,0,0,0,0,15,Midfielder
390,Aurier,Serge,Spurs,2,0.5,1605,16.0,80,370,412.2,267.6,194.0,2,3,6,22,0,0,0,0,0,0,4,Defender
51,Soares de Paulo,Douglas Luiz,Aston Villa,3,1.7,2781,16.0,72,358,403.4,304.5,189.0,0,2,12,41,0,0,0,8,1,0,0,Midfielder
237,Struijk,Pascal,Leeds,2,0.6,2072,15.8,71,402,513.0,66.3,222.0,1,0,7,32,0,0,0,3,0,0,2,Defender
213,Ndidi,Wilfred,Leicester,3,1.1,2175,15.8,79,430,549.2,234.5,78.0,1,4,7,31,0,0,0,6,0,0,11,Midfielder
217,Fofana,Wesley,Leicester,2,9.9,2260,15.8,71,464,502.0,107.8,121.0,0,1,7,30,0,0,0,7,0,0,5,Defender
187,Mina,Yerry,Everton,2,0.6,1936,15.8,79,399,496.2,23.5,200.0,2,0,6,22,0,0,0,2,0,0,7,Defender
476,Traoré,Adama,Wolves,3,0.9,2640,15.7,94,359,475.4,751.0,645.0,2,4,7,41,0,0,0,4,0,0,5,Midfielder
453,Antonio,Michail,West Ham,4,14.8,1972,15.7,118,345,517.8,349.1,1038.0,10,5,6,25,0,0,0,3,0,0,19,Forward
249,Firmino,Roberto,Liverpool,4,5.1,2837,15.7,141,615,729.4,643.2,1415.0,9,8,10,39,0,0,0,2,0,0,15,Forward
220,Bertrand,Ryan,Leicester,2,0.9,2598,15.6,78,404,306.8,271.8,135.0,0,2,8,51,0,0,0,5,0,0,4,Defender
22,Magalhães,Gabriel,Arsenal,2,0.4,1996,15.6,78,385,464.8,51.0,233.0,2,0,6,24,0,0,0,2,1,0,7,Defender
475,Dendoncker,Leander,Wolves,3,0.2,2498,15.4,77,330,386.4,261.4,343.0,1,2,11,33,1,0,0,4,0,0,2,Midfielder
16,Pépé,Nicolas,Arsenal,3,3.5,1606,15.2,114,351,476.2,235.9,774.0,10,3,4,21,0,0,0,1,1,0,11,Midfielder
5,Lacazette,Alexandre,Arsenal,4,4.7,1916,15.2,129,452,602.4,307.4,797.0,13,3,7,21,0,0,0,3,0,0,21,Forward
262,Phillips,Nathaniel,Liverpool,2,0.5,1455,15.1,68,325,376.4,90.6,132.0,1,1,7,11,0,0,0,2,0,0,1,Defender
298,Lingard,Jesse,Man Utd,3,4.2,1423,15.1,106,332,487.0,288.2,530.0,9,5,4,19,0,0,1,3,0,0,15,Midfielder
454,Dawson,Craig,West Ham,2,0.3,1925,15.0,75,336,433.6,30.2,219.0,3,0,7,25,2,0,0,3,1,0,3,Defender
102,Welbeck,Danny,Brighton,4,1.1,1541,14.8,89,286,319.8,269.7,595.0,6,4,6,18,0,0,1,0,0,0,15,Forward
251,Mané,Sadio,Liverpool,3,3.7,2808,14.7,176,513,808.8,809.7,1535.0,11,11,12,28,0,0,0,3,0,0,14,Midfielder
210,Iheanacho,Kelechi,Leicester,4,12.2,1452,14.7,110,424,540.2,413.9,814.0,12,2,5,23,0,0,1,1,0,0,18,Forward
172,Ward,Joel,Crystal Palace,2,0.2,2255,14.7,66,353,366.8,118.2,28.0,0,1,7,43,0,0,0,5,0,0,6,Defender
467,Santos Moutinho,João Filipe Iria,Wolves,3,0.4,2526,14.6,73,446,478.4,726.9,113.0,1,1,6,40,0,0,0,3,1,0,4,Midfielder
185,Doucouré,Abdoulaye,Everton,3,0.3,2443,14.5,80,421,433.8,319.4,267.0,2,3,9,36,0,0,0,6,0,0,2,Midfielder
178,Rodríguez,James,Everton,3,3.9,1763,14.4,101,432,499.2,585.6,399.0,6,5,5,27,0,0,0,4,0,0,11,Midfielder
85,Burn,Dan,Brighton,2,0.4,2057,14.2,64,330,389.0,183.1,214.0,1,0,6,28,1,0,0,5,0,0,1,Defender
143,Werner,Timo,Chelsea,4,6.3,2598,14.2,128,394,514.8,532.4,1276.0,6,12,13,29,0,0,0,2,0,0,7,Forward
199,Albrighton,Marc,Leicester,3,0.2,1735,14.2,78,325,412.6,544.2,282.0,1,7,4,22,0,0,0,2,0,0,3,Midfielder
311,Greenwood,Mason,Man Utd,3,3.4,1813,14.1,106,318,370.8,278.7,881.0,7,2,7,23,0,0,0,2,0,0,9,Midfielder
6,Xhaka,Granit,Arsenal,3,0.7,2519,14.0,70,396,456.0,327.6,154.0,1,2,10,27,0,0,0,7,1,0,1,Midfielder
277,Sterling,Raheem,Man City,3,3.0,2534,14.0,154,458,663.4,584.1,1366.0,10,9,14,23,0,0,1,4,0,0,10,Midfielder
296,Rodrigues de Paula Santos,Frederico,Man Utd,3,0.2,2389,13.8,69,404,482.6,395.6,200.0,1,0,12,25,0,0,0,5,0,0,1,Midfielder
328,Murphy,Jacob,Newcastle,3,0.1,1617,13.8,69,252,363.4,280.8,289.0,2,3,3,33,0,0,0,3,0,0,7,Midfielder
133,Barkley,Ross,Chelsea,3,0.2,1566,13.8,76,286,274.2,579.3,431.0,3,2,8,24,0,0,0,0,0,0,4,Midfielder
226,Moreno,Rodrigo,Leeds,4,1.8,1279,13.7,89,341,398.4,409.7,617.0,7,4,3,21,0,0,0,3,0,0,16,Forward
479,Castelo Podence,Daniel,Wolves,3,0.0,1661,13.6,75,240,285.6,322.0,456.0,3,2,8,24,0,0,0,3,0,0,5,Midfielder
289,Torres,Ferran,Man City,3,2.8,1297,13.6,95,265,352.2,276.4,543.0,7,4,7,13,0,0,0,1,0,0,4,Midfielder
469,Boly,Willy,Wolves,2,0.4,1879,13.6,68,364,414.0,46.1,182.0,1,1,6,29,0,0,0,2,0,0,4,Defender
20,Smith Rowe,Emile,Arsenal,3,8.0,1438,13.5,74,308,273.2,385.1,222.0,2,5,9,10,0,0,0,0,0,0,3,Midfielder
315,Shelvey,Jonjo,Newcastle,3,0.2,2616,13.5,74,377,474.2,522.1,299.0,1,3,6,46,0,0,0,7,0,0,2,Midfielder
285,de Jesus,Gabriel Fernando,Man City,4,3.4,2056,13.5,115,453,501.0,467.5,931.0,9,5,11,17,0,0,0,2,0,0,16,Forward
283,Veiga de Carvalho e Silva,Bernardo Mota,Man City,3,2.2,2063,13.4,94,413,399.6,476.2,463.0,2,7,11,18,0,0,0,5,0,0,9,Midfielder
230,Phillips,Kalvin,Leeds,3,2.6,2428,13.4,67,396,535.4,539.3,82.0,1,2,9,34,0,0,0,10,0,0,2,Midfielder
18,Willock,Joseph,Arsenal,3,0.6,1210,13.2,79,254,436.6,137.2,401.0,8,0,4,18,0,0,1,1,0,0,5,Midfielder
331,Saint-Maximin,Allan,Newcastle,4,4.6,1554,13.1,85,278,376.0,394.2,418.0,3,5,7,26,0,0,0,0,0,0,5,Forward
3,Aubameyang,Pierre-Emerick,Arsenal,4,3.7,2330,13.1,131,358,493.8,361.5,823.0,10,3,10,26,1,0,0,2,0,0,11,Forward
223,Cooper,Liam,Leeds,2,0.4,2186,13.1,59,454,620.4,17.7,259.0,1,0,6,41,0,0,0,4,1,0,2,Defender
290,Luiz Rosa,Fernando,Man City,3,0.2,1182,13.0,65,303,248.6,220.8,106.0,0,2,7,10,0,0,0,6,0,0,8,Midfielder
170,Mitchell,Tyrick,Crystal Palace,2,1.2,1710,12.9,58,287,387.6,76.8,60.0,1,2,4,32,0,0,0,1,0,0,5,Defender
253,Tavares,Fabio Henrique,Liverpool,3,0.7,2566,12.9,71,421,460.4,106.8,75.0,0,2,11,29,0,0,0,6,0,0,2,Midfielder
480,Kilman,Max,Wolves,2,0.3,1307,12.9,58,258,249.6,67.4,78.0,0,1,5,11,0,0,0,4,0,0,8,Defender
153,Gallagher,Conor,Crystal Palace,3,0.1,2530,12.9,71,322,437.2,320.1,276.0,2,2,5,48,0,0,0,11,0,0,3,Midfielder
165,Riedewald,Jairo,Crystal Palace,3,0.1,1810,12.8,64,249,274.0,160.4,88.0,2,0,4,39,0,0,0,4,0,0,4,Midfielder
363,Walcott,Theo,Southampton,3,0.2,1629,12.7,76,185,269.8,248.0,366.0,3,4,5,28,0,0,0,0,0,0,2,Midfielder
286,Zinchenko,Oleksandr,Man City,2,2.0,1473,12.5,69,353,272.0,295.7,134.0,0,0,8,14,0,0,0,0,0,0,5,Defender
87,March,Solomon,Brighton,3,0.1,1670,12.5,69,283,368.6,414.3,322.0,2,2,7,25,0,0,0,0,0,0,6,Midfielder
12,Maitland-Niles,Ainsley,Arsenal,3,0.1,1714,12.4,68,273,218.2,128.9,142.0,0,2,6,23,0,0,0,2,0,0,1,Midfielder
139,Kanté,N'Golo,Chelsea,3,4.6,2140,12.4,62,375,449.0,347.3,96.0,0,2,10,24,0,0,0,7,0,0,0,Midfielder
334,Apolinário de Lira,Joelinton Cássio,Newcastle,4,0.6,1979,12.3,74,258,357.0,250.1,612.0,4,2,3,36,0,0,0,3,0,0,5,Forward
294,Pogba,Paul,Man Utd,3,2.6,1892,12.3,92,355,451.4,376.0,401.0,3,6,5,26,0,0,0,3,0,0,11,Midfielder
394,Rodrigues Moura da Silva,Lucas,Spurs,3,0.6,1397,12.3,80,238,322.4,258.4,298.0,3,5,4,18,0,0,0,1,0,0,5,Midfielder
459,Benrahma,Saïd,West Ham,3,1.7,1376,12.2,73,255,301.0,371.9,371.0,1,6,3,19,0,0,0,0,0,0,4,Midfielder
142,Christensen,Andreas,Chelsea,2,1.0,1371,12.2,61,323,293.4,80.9,34.0,0,0,8,17,0,0,0,2,1,0,9,Defender
141,Loftus-Cheek,Ruben,Chelsea,3,0.1,1962,12.0,66,178,201.6,274.0,439.0,1,0,11,22,0,0,0,3,0,0,0,Midfielder
2,Borges Da Silva,Willian,Arsenal,3,0.3,1398,12.0,78,306,256.2,534.8,228.0,1,7,3,17,0,0,0,0,0,0,9,Midfielder
490,Ait Nouri,Rayan,Wolves,2,1.6,1400,12.0,54,264,243.2,234.5,196.0,1,1,3,23,0,0,0,1,0,0,6,Defender
486,Silva,Fabio,Wolves,4,1.0,1352,12.0,72,198,238.2,166.1,758.0,4,3,0,29,0,0,0,2,0,0,5,Forward
163,Schlupp,Jeffrey,Crystal Palace,3,0.1,1415,11.8,65,194,336.6,242.1,304.0,2,3,5,26,0,0,0,3,0,0,3,Midfielder
273,De Bruyne,Kevin,Man City,3,14.6,1995,11.8,141,566,760.8,1170.1,914.0,6,12,12,17,0,0,1,1,0,0,19,Midfielder
214,Söyüncü,Çaglar,Leicester,2,2.0,1816,11.8,59,360,403.6,114.4,157.0,1,0,5,30,0,0,0,2,0,0,3,Defender
337,Fernández,Federico,Newcastle,2,0.2,2080,11.8,53,376,522.0,91.3,64.0,0,0,5,38,1,0,0,4,0,0,6,Defender
161,Ayew,Jordan,Crystal Palace,4,0.7,2086,11.7,70,216,278.6,238.6,451.0,1,4,6,42,0,0,0,4,0,0,2,Forward
366,Romeu Vidal,Oriol,Southampton,3,0.7,1762,11.6,52,264,349.2,229.1,98.0,1,1,6,25,0,0,0,6,0,0,4,Midfielder
291,Cavani,Edinson,Man Utd,4,15.3,1364,11.6,99,367,443.4,203.3,513.0,10,4,4,18,0,0,0,4,0,0,14,Forward
396,Davies,Ben,Spurs,2,0.3,1340,11.6,52,253,232.8,136.8,65.0,0,2,4,16,0,0,0,1,0,0,1,Defender
261,Jota,Diogo,Liverpool,3,8.9,1106,11.5,86,228,387.4,188.3,680.0,9,0,4,15,0,0,0,2,0,0,9,Midfielder
275,Mendy,Benjamin,Man City,2,1.1,951,11.5,63,222,179.8,117.1,89.0,2,1,5,10,0,0,0,2,0,0,8,Defender
160,Milivojevic,Luka,Crystal Palace,3,0.2,2357,11.5,63,332,410.8,329.6,143.0,1,1,7,47,0,0,1,8,1,0,3,Midfielder
231,Sousa de Azevedo e Costa,Hélder Wander,Leeds,3,0.2,1150,11.5,63,162,224.2,134.3,289.0,3,4,3,23,1,0,0,0,0,0,2,Midfielder
118,Vydra,Matej,Burnley,4,0.9,1359,11.3,62,194,197.4,194.0,491.0,3,2,3,24,0,0,0,0,0,0,2,Forward
367,Redmond,Nathan,Southampton,3,0.2,1727,11.2,67,243,297.0,400.4,477.0,2,3,1,39,0,0,0,1,0,0,3,Midfielder
243,Henderson,Jordan,Liverpool,3,0.8,1704,11.2,56,345,358.0,262.3,108.0,1,2,4,23,0,0,0,0,0,0,2,Midfielder
11,El Sayed Elneny,Mohamed Naser,Arsenal,3,0.6,1538,11.1,50,258,200.2,99.9,79.0,1,0,5,20,0,0,0,3,0,0,3,Midfielder
107,Pieters,Erik,Burnley,2,0.3,1260,11.1,50,203,199.4,77.0,63.0,0,3,3,19,1,0,0,1,0,0,5,Defender
229,Llorente,Diego,Leeds,2,0.5,1203,11.1,50,255,293.0,51.0,115.0,1,0,4,12,0,0,0,1,0,0,3,Defender
186,Iwobi,Alex,Everton,3,0.2,1530,10.8,65,256,262.6,263.1,233.0,1,3,5,21,0,0,0,0,0,0,1,Midfielder
134,Kovacic,Mateo,Chelsea,3,0.2,1809,10.8,54,332,332.4,384.8,153.0,0,1,9,26,0,0,0,4,0,0,0,Midfielder
319,Dubravka,Martin,Newcastle,1,0.6,1170,10.7,48,255,346.8,0.0,0.0,0,0,3,19,0,0,0,0,0,45,6,Goalkeeper
149,Hudson-Odoi,Callum,Chelsea,3,0.2,1050,10.7,59,239,291.8,471.5,336.0,2,3,6,5,0,0,0,0,0,0,2,Midfielder
150,Havertz,Kai,Chelsea,3,13.1,1512,10.7,91,268,325.0,307.7,514.0,4,6,8,15,0,0,0,2,0,0,3,Midfielder
145,Abraham,Tammy,Chelsea,4,1.0,1031,10.6,69,224,277.2,121.6,483.0,6,2,5,12,0,0,0,0,0,0,8,Forward
281,Laporte,Aymeric,Man City,2,1.9,1343,10.5,58,286,233.4,78.0,85.0,0,0,7,10,0,0,0,1,0,0,4,Defender
80,Lallana,Adam,Brighton,3,0.2,1584,10.5,58,265,255.2,355.7,302.0,1,1,5,18,0,0,0,0,0,0,2,Midfielder
183,Marques Loureiro,Allan,Everton,3,1.1,2050,10.4,47,290,366.6,233.3,42.0,0,0,7,30,0,0,0,6,0,0,0,Midfielder
321,Hendrick,Jeff,Newcastle,3,0.1,1418,10.4,52,177,211.4,99.0,95.0,2,1,3,24,0,0,0,1,1,0,3,Midfielder
316,Ritchie,Matt,Newcastle,2,0.3,1347,10.4,52,226,225.8,411.9,101.0,0,5,3,22,1,0,0,2,0,0,5,Defender
131,Alonso,Marcos,Chelsea,2,1.3,958,10.4,57,225,224.2,204.1,328.0,2,1,5,13,0,0,0,2,0,0,5,Defender
317,Clark,Ciaran,Newcastle,2,0.2,1890,10.2,46,291,402.6,29.8,105.0,1,0,3,35,1,0,0,3,0,0,2,Defender
146,Pulisic,Christian,Chelsea,3,1.4,1731,10.2,82,264,361.4,378.8,724.0,4,3,7,21,0,0,0,2,0,0,3,Midfielder
38,Ibrahim Hassan,Mahmoud Ahmed,Aston Villa,3,0.0,1157,10.2,56,152,213.6,180.1,478.0,2,1,6,14,0,0,0,0,0,0,3,Midfielder
327,Krafth,Emil,Newcastle,2,0.1,1286,10.0,45,222,240.4,87.7,88.0,1,1,5,27,0,0,0,4,0,0,0,Defender
265,Jones,Curtis,Liverpool,3,0.1,1169,10.0,50,226,224.6,233.4,289.0,1,2,5,14,0,0,0,2,0,0,0,Midfielder
246,Alcántara do Nascimento,Thiago,Liverpool,3,1.1,1851,10.0,55,331,378.8,460.3,178.0,1,0,8,18,0,0,0,4,0,0,1,Midfielder
156,McArthur,James,Crystal Palace,3,0.2,1465,10.0,45,228,285.2,202.2,65.0,0,2,4,26,0,0,0,3,0,0,3,Midfielder
386,Sissoko,Moussa,Spurs,3,1.4,1576,9.8,44,214,182.2,94.5,69.0,0,0,5,22,0,0,0,3,0,0,2,Midfielder
232,Roberts,Tyler,Leeds,3,0.1,1330,9.8,49,169,189.4,239.0,296.0,1,2,4,19,0,0,0,3,0,0,0,Midfielder
335,Lewis,Jamal,Newcastle,2,0.3,1833,9.8,44,261,272.6,224.8,47.0,0,1,3,37,0,0,0,4,0,0,3,Defender
323,Lascelles,Jamaal,Newcastle,2,0.5,1625,9.8,44,229,345.2,38.1,161.0,2,0,2,32,0,0,0,4,0,0,3,Defender
111,Rodriguez,Jay,Burnley,4,0.7,1248,9.8,54,125,149.8,97.4,449.0,1,3,4,25,0,0,0,3,0,0,2,Forward
148,Ampadu,Ethan,Chelsea,2,0.2,2087,9.8,44,341,458.0,189.6,51.0,0,0,2,41,1,0,0,3,0,0,4,Defender
208,Pérez,Ayoze,Leicester,3,0.3,1322,9.7,58,149,255.6,323.6,482.0,2,1,5,21,0,0,0,2,0,0,2,Midfielder
184,Tavares Gomes,André Filipe,Everton,3,0.1,1559,9.6,48,224,189.0,244.5,103.0,0,1,5,22,0,0,0,3,0,0,0,Midfielder
399,Sánchez,Davinson,Spurs,2,0.5,1486,9.6,43,256,319.2,20.0,114.0,0,0,4,22,1,0,0,1,0,0,3,Defender
112,Barnes,Ashley,Burnley,4,1.9,1324,9.5,52,107,153.8,243.6,548.0,3,0,6,19,0,0,0,4,0,0,7,Forward
188,Davies,Tom,Everton,3,0.1,1417,9.4,47,209,205.6,112.0,30.0,0,1,5,23,0,0,0,3,0,0,1,Midfielder
392,Doherty,Matt,Spurs,2,1.2,1238,9.4,47,222,257.2,182.4,79.0,0,2,4,15,0,0,0,2,1,0,4,Defender
14,Partey,Thomas,Arsenal,3,0.3,1529,9.4,47,273,289.4,195.7,129.0,0,2,6,18,0,0,0,5,0,0,0,Midfielder
300,Martial,Anthony,Man Utd,4,1.0,1477,9.4,75,238,297.6,265.4,709.0,4,7,4,23,0,0,0,0,1,0,3,Forward
457,Masuaku,Arthur,West Ham,2,0.3,1006,9.3,42,209,187.4,200.5,62.0,0,2,4,15,0,0,0,2,0,0,4,Defender
140,Ziyech,Hakim,Chelsea,3,1.7,1164,9.3,70,239,274.8,485.6,369.0,2,3,10,7,0,0,0,3,0,0,8,Midfielder
464,Diop,Issa,West Ham,2,0.5,1379,9.3,42,234,375.6,17.4,48.0,2,0,2,22,1,0,0,3,0,0,1,Defender
401,Bergwijn,Steven,Spurs,3,0.3,1202,9.2,55,129,161.4,190.9,180.0,1,4,5,15,0,0,0,3,0,0,2,Midfielder
368,Stephens,Jack,Southampton,2,0.2,1537,9.1,41,288,351.0,85.6,104.0,0,0,4,39,0,0,0,2,0,0,6,Defender
115,Gudmundsson,Johann Berg,Burnley,3,0.1,1358,9.1,50,175,193.6,160.8,170.0,2,0,3,24,0,0,0,2,0,0,3,Midfielder
333,Longstaff,Sean,Newcastle,3,0.3,1405,9.1,41,168,179.2,182.8,148.0,0,1,2,26,0,0,0,2,0,0,1,Midfielder
200,Mendy,Nampalys,Leicester,3,0.4,1452,9.1,41,234,153.0,118.7,23.0,0,1,4,25,0,0,0,5,0,0,0,Midfielder
325,Dummett,Paul,Newcastle,2,0.1,1254,8.9,40,204,274.4,68.1,45.0,1,0,3,20,0,0,0,2,0,0,2,Defender
330,Hayden,Isaac,Newcastle,3,0.2,1942,8.9,40,211,278.0,117.7,155.0,0,0,4,33,0,0,0,8,0,0,0,Midfielder
242,Milner,James,Liverpool,3,0.1,1056,8.8,44,204,200.0,242.0,108.0,0,2,4,10,0,0,0,3,0,0,2,Midfielder
302,Henderson,Dean,Man Utd,1,3.2,1125,8.8,44,218,275.4,0.0,0.0,0,0,4,12,0,0,0,3,0,40,1,Goalkeeper
257,Minamino,Takumi,Liverpool,3,0.1,999,8.7,48,153,168.2,92.3,281.0,3,0,2,18,0,0,0,1,0,0,2,Midfielder
100,Mac Allister,Alexis,Brighton,3,0.1,1108,8.7,48,148,170.6,210.6,235.0,1,1,5,14,0,0,0,1,0,0,3,Midfielder
380,Djenepo,Moussa,Southampton,3,0.1,1229,8.4,46,140,178.0,97.7,170.0,1,2,3,27,0,0,0,5,0,0,0,Midfielder
245,Matip,Joel,Liverpool,2,0.4,690,8.4,42,194,179.0,42.4,84.0,1,2,3,5,0,0,0,2,0,0,5,Defender
233,Koch,Robin,Leeds,2,0.4,1130,8.4,38,220,230.2,52.2,131.0,0,0,4,21,0,0,0,1,0,0,2,Defender
92,Ryan,Mathew,Brighton,1,0.1,1260,8.2,37,216,193.6,10.7,2.0,0,0,3,21,0,0,0,1,0,24,0,Goalkeeper
9,Chambers,Calum,Arsenal,2,0.6,751,8.0,36,168,171.8,169.4,77.0,0,3,2,10,0,0,0,0,0,0,3,Defender
293,Matic,Nemanja,Man Utd,3,0.2,1101,8.0,36,223,218.4,149.0,80.0,0,1,4,18,0,0,0,2,0,0,0,Midfielder
97,Lamptey,Tariq,Brighton,2,4.3,887,7.8,35,156,147.8,162.9,156.0,1,3,2,15,0,0,0,2,1,0,2,Defender
7,Marí,Pablo,Arsenal,2,0.2,900,7.6,34,182,163.2,26.4,16.0,0,0,4,8,0,0,0,2,0,0,1,Defender
135,Batshuayi,Michy,Chelsea,4,0.2,717,7.5,41,113,132.8,113.5,210.0,2,2,2,15,0,0,0,0,0,0,2,Forward
203,Praet,Dennis,Leicester,3,0.1,714,7.4,37,129,119.2,132.1,120.0,1,2,3,11,0,0,0,0,0,0,1,Midfielder
108,Cork,Jack,Burnley,3,0.1,1350,7.3,33,154,140.0,126.2,82.0,0,0,4,24,0,0,0,2,0,0,0,Midfielder
309,James,Daniel,Man Utd,3,0.2,907,7.2,43,145,186.0,145.7,285.0,3,1,4,7,0,0,0,3,0,0,1,Midfielder
129,Giroud,Olivier,Chelsea,4,0.1,740,7.2,47,139,161.4,112.0,403.0,4,0,4,5,0,0,0,1,0,0,6,Forward
376,Tella,Nathan,Southampton,3,0.2,735,7.2,36,76,94.6,86.0,203.0,1,2,2,11,0,0,0,2,0,0,2,Midfielder
322,Fraser,Ryan,Newcastle,3,0.2,922,7.1,39,154,142.8,395.0,165.0,0,4,4,18,0,0,0,0,1,0,0,Midfielder
37,Hause,Kortney,Aston Villa,2,0.2,630,7.1,32,124,147.0,2.2,57.0,1,0,3,6,0,0,0,2,0,0,3,Defender
99,Alzate,Steven,Brighton,3,0.1,892,7.0,35,141,132.2,154.9,88.0,1,0,5,17,0,0,0,2,0,0,3,Midfielder
326,Manquillo,Javier,Newcastle,2,13.9,822,7.0,28,136,109.8,93.5,18.0,0,0,3,15,0,0,0,1,0,0,0,Defender
98,Connolly,Aaron,Brighton,4,0.2,783,6.9,38,95,104.2,74.1,307.0,2,1,1,17,0,0,0,0,0,0,2,Forward
379,Diallo,Ibrahima,Southampton,3,0.1,1010,6.9,31,132,120.4,143.2,66.0,0,0,3,22,0,0,0,3,0,0,0,Midfielder
364,Forster,Fraser,Southampton,1,1.0,720,6.7,30,147,191.0,0.0,0.0,0,0,2,11,0,1,0,0,0,20,0,Goalkeeper
329,Schär,Fabian,Newcastle,2,0.3,1255,6.7,30,160,251.0,9.0,116.0,1,0,2,21,0,0,0,4,1,0,1,Defender
19,Nketiah,Edward,Arsenal,4,0.5,411,6.5,36,120,116.6,97.3,211.0,2,1,1,6,0,0,0,0,0,0,5,Forward
25,Martinelli Silva,Gabriel Teodoro,Arsenal,3,0.3,582,6.5,36,107,142.6,133.8,300.0,2,1,4,3,0,0,0,0,0,0,0,Midfielder
313,Mata,Juan,Man Utd,3,0.1,507,6.4,32,126,108.4,132.8,86.0,1,3,1,6,0,0,0,0,0,0,3,Midfielder
308,Bailly,Eric,Man Utd,2,0.2,915,6.2,31,178,175.6,8.3,26.0,0,0,3,17,0,0,0,3,0,0,6,Defender
52,Ramsey,Jacob,Aston Villa,3,0.3,611,6.2,28,75,72.8,91.7,126.0,0,0,2,10,0,0,0,0,0,0,0,Midfielder
465,Johnson,Ben,West Ham,2,3.2,516,6.2,25,104,98.0,63.7,28.0,1,0,1,10,0,0,0,1,0,0,0,Defender
4,Soares,Cédric,Arsenal,2,0.3,744,6.2,28,125,110.8,114.8,66.0,0,1,2,11,0,0,0,1,0,0,3,Defender
268,Williams,Rhys,Liverpool,2,0.1,659,6.2,28,135,111.6,29.8,62.0,0,0,3,6,0,0,0,0,0,0,1,Defender
455,Fredericks,Ryan,West Ham,2,0.2,564,6.2,28,127,155.2,166.8,96.0,1,1,1,9,0,0,0,2,0,0,0,Defender
42,Nakamba,Marvelous,Aston Villa,3,0.1,747,6.0,27,115,110.8,32.5,10.0,0,1,4,6,0,0,0,3,0,0,1,Midfielder
446,Noble,Mark,West Ham,3,0.7,701,6.0,27,132,80.4,88.6,7.0,0,0,0,15,0,0,0,1,0,0,0,Midfielder
406,Rodon,Joe,Spurs,2,0.2,732,6.0,27,169,166.2,3.6,6.0,0,0,2,12,0,0,0,0,0,0,3,Defender
280,Aké,Nathan,Man City,2,0.3,797,5.8,29,150,156.0,46.9,44.0,1,0,3,13,0,0,0,4,0,0,1,Defender
404,Lo Celso,Giovani,Spurs,3,0.2,939,5.8,35,149,169.2,222.8,155.0,1,1,5,10,0,0,0,5,0,0,0,Midfielder
216,Thomas,Luke,Leicester,2,0.3,968,5.8,26,132,169.0,111.7,101.0,1,0,1,18,0,0,0,2,0,0,0,Defender
471,Jiménez,Raúl,Wolves,4,3.6,824,5.7,43,148,177.4,96.2,275.0,4,1,4,10,1,0,0,0,0,0,7,Forward
324,Gayle,Dwight,Newcastle,4,0.2,501,5.6,31,79,79.6,89.4,263.0,1,1,0,9,0,0,0,0,0,0,3,Forward
304,van de Beek,Donny,Man Utd,3,0.2,511,5.3,32,133,117.0,58.4,70.0,1,2,0,12,0,0,0,1,0,0,0,Midfielder
138,Arrizabalaga,Kepa,Chelsea,1,0.4,585,5.2,26,117,113.6,0.0,0.0,0,0,2,8,0,0,0,1,0,16,5,Goalkeeper
221,Hernández Domínguez,Pablo,Leeds,3,0.0,414,5.1,28,103,84.0,97.9,153.0,0,3,1,6,0,0,0,1,0,0,0,Midfielder
50,Davis,Keinan,Aston Villa,4,8.0,265,5.1,23,85,77.2,76.7,169.0,1,1,1,1,0,0,0,0,0,0,0,Forward
301,Telles,Alex Nicolao,Man Utd,2,0.1,689,5.0,25,149,168.6,200.7,33.0,0,2,1,11,0,0,0,0,0,0,3,Defender
481,Gibbs-White,Morgan,Wolves,3,0.6,407,4.9,22,87,85.0,112.8,114.0,1,0,0,6,0,0,0,1,0,0,3,Midfielder
204,Barbosa Pereira,Ricardo Domingos,Leicester,2,1.9,954,4.9,27,152,183.4,162.4,144.0,0,1,2,19,0,0,0,3,0,0,0,Defender
205,Amartey,Daniel,Leicester,2,4.7,718,4.8,19,121,155.0,10.9,61.0,1,0,0,12,0,0,0,3,0,0,2,Defender
101,Moder,Jakub,Brighton,3,0.2,643,4.7,21,59,63.8,62.2,162.0,0,0,2,10,0,0,0,0,0,0,0,Midfielder
388,Lamela,Erik,Spurs,3,0.1,700,4.7,28,96,115.2,137.1,236.0,1,1,1,17,0,0,0,4,1,0,0,Midfielder
456,Lanzini,Manuel,West Ham,3,0.2,556,4.7,28,117,121.4,153.0,102.0,1,1,1,5,0,0,0,1,0,0,0,Midfielder
395,Alli,Bamidele,Spurs,3,1.1,613,4.6,30,101,103.4,132.1,165.0,0,2,3,9,0,0,0,0,0,0,0,Midfielder
93,Jahanbakhsh,Alireza,Brighton,3,0.0,520,4.4,24,102,73.2,162.8,221.0,0,1,1,9,0,0,0,3,0,0,0,Midfielder
247,Shaqiri,Xherdan,Liverpool,3,0.2,548,4.3,26,127,95.2,294.2,86.0,0,2,2,7,0,0,0,2,0,0,1,Midfielder
473,Marçal,Fernando,Wolves,2,0.1,618,4.2,19,104,102.6,61.7,13.0,0,0,1,9,0,0,0,2,0,0,0,Defender
398,Winks,Harry,Spurs,3,1.2,856,4.2,19,124,128.2,77.6,24.0,0,0,1,16,0,0,0,5,0,0,0,Midfielder
155,Tomkins,James,Crystal Palace,2,0.2,551,4.0,18,97,101.2,11.4,29.0,0,0,2,12,0,0,0,1,0,0,2,Defender
236,Shackleton,Jamie,Leeds,3,0.1,454,3.8,17,72,52.0,45.7,18.0,0,0,1,11,0,0,0,0,0,0,0,Midfielder
179,Anício Caldeira Duarte,Bernard,Everton,3,0.0,447,3.8,21,75,104.8,142.7,80.0,1,0,2,7,0,0,0,2,0,0,1,Midfielder
474,Castro Otto,Jonathan,Wolves,2,0.0,496,3.6,16,58,61.0,31.8,14.0,0,0,1,4,0,0,0,0,0,0,1,Defender
248,Oxlade-Chamberlain,Alex,Liverpool,3,0.2,243,3.5,21,58,70.8,32.9,68.0,1,1,0,6,0,0,0,0,0,0,0,Midfielder
110,Long,Kevin,Burnley,2,0.8,636,3.5,14,85,102.6,12.0,25.0,0,0,1,13,0,0,0,2,0,0,1,Defender
484,Hoever,Ki-Jana,Wolves,2,2.3,573,3.2,13,80,100.4,59.7,26.0,0,0,0,11,0,0,0,1,0,0,0,Defender
452,Yarmolenko,Andriy,West Ham,3,0.4,362,3.1,17,47,50.6,80.3,106.0,0,1,1,7,0,0,0,3,0,0,0,Midfielder
403,Tanganga,Japhet,Spurs,2,0.1,487,3.1,14,81,68.8,29.5,40.0,0,0,2,8,0,0,0,2,0,0,0,Defender
234,Poveda-Ocampo,Ian Carlo,Leeds,3,0.1,344,3.1,14,43,55.0,71.5,91.0,0,0,0,5,0,0,0,0,0,0,0,Midfielder
381,Salisu,Mohammed,Southampton,2,0.1,841,3.1,14,119,188.2,29.9,34.0,0,0,0,19,0,0,0,1,0,0,0,Defender
222,Casilla Cortés,Francisco,Leeds,1,0.1,270,3.1,14,58,68.0,0.0,0.0,0,0,1,2,0,0,0,0,0,8,2,Goalkeeper
211,Choudhury,Hamza,Leicester,3,0.1,311,3.1,14,59,34.0,13.5,29.0,0,0,2,2,0,0,0,1,0,0,0,Midfielder
260,Keita,Naby,Liverpool,3,0.2,517,3.0,15,78,70.6,100.5,119.0,0,0,2,8,0,0,0,1,0,0,0,Midfielder
374,N'Lundulu,Daniel,Southampton,4,0.2,102,2.9,13,32,3.2,12.2,16.0,0,0,0,1,0,0,0,0,0,0,0,Forward
267,Williams,Neco,Liverpool,2,1.4,247,2.8,11,51,42.0,47.8,34.0,0,0,1,1,0,0,0,1,0,0,0,Defender
167,Mateta,Jean-Philippe,Crystal Palace,4,0.1,215,2.7,15,45,46.6,16.2,80.0,1,0,0,4,0,0,0,0,0,0,2,Forward
244,San Miguel del Castillo,Adrián,Liverpool,1,0.3,270,2.4,11,60,59.6,0.0,0.0,0,0,1,9,0,0,0,0,0,10,2,Goalkeeper
250,van Dijk,Virgil,Liverpool,2,9.8,370,2.3,15,73,82.4,4.8,66.0,1,0,1,11,0,0,0,1,0,0,1,Defender
447,Randolph,Darren,West Ham,1,0.2,270,2.2,10,46,46.2,0.0,0.0,0,0,1,3,0,0,0,0,0,6,0,Goalkeeper
123,Benson,Josh,Burnley,3,0.0,260,2.2,10,27,16.0,7.9,13.0,0,0,1,7,0,0,0,0,0,0,0,Midfielder
263,Kelleher,Caoimhin,Liverpool,1,0.2,180,2.2,10,41,57.8,0.0,0.0,0,0,1,1,0,0,0,0,0,6,0,Goalkeeper
336,Longstaff,Matthew,Newcastle,3,0.2,376,2.2,10,47,32.6,35.6,2.0,0,0,1,8,0,0,0,0,0,0,0,Midfielder
443,King,Joshua,Watford,4,1.2,138,2.0,11,18,13.4,5.6,31.0,0,0,0,2,0,0,0,0,0,0,0,Forward
35,Sanson,Morgan,Aston Villa,3,0.1,288,2.0,10,29,25.8,28.8,10.0,0,0,1,4,0,0,0,3,0,0,0,Midfielder
84,Pröpper,Davy,Brighton,3,0.0,209,2.0,9,38,24.0,5.1,52.0,0,0,0,2,0,0,0,0,0,0,0,Midfielder
256,Origi,Divock,Liverpool,4,1.2,180,2.0,10,23,17.8,33.2,60.0,0,0,1,0,0,0,0,0,0,0,0,Forward
259,Gomez,Joseph,Liverpool,2,0.8,589,2.0,10,94,106.8,18.1,0.0,0,0,0,14,0,0,0,0,0,0,0,Defender
483,Otasowie,Owen,Wolves,3,0.3,185,2.0,9,33,38.2,25.9,34.0,0,1,0,6,0,0,0,1,0,0,0,Midfielder
175,Delph,Fabian,Everton,3,0.2,260,1.8,8,48,37.0,29.8,1.0,0,0,0,6,0,0,0,1,0,0,0,Midfielder
338,Gilmour,Billy,Norwich,3,8.6,259,1.8,8,38,36.0,50.9,8.0,0,0,1,2,0,0,0,0,0,0,0,Midfielder
109,Stephens,Dale,Burnley,3,0.1,257,1.8,8,33,31.0,8.3,41.0,0,0,0,4,0,0,0,1,0,0,0,Midfielder
305,Tuanzebe,Axel,Man Utd,2,0.2,402,1.6,7,59,95.0,6.0,0.0,0,0,0,8,1,0,0,2,0,0,0,Defender
312,Williams,Brandon,Man Utd,2,3.8,187,1.2,5,26,26.6,19.4,19.0,0,0,0,3,0,0,0,0,0,0,0,Defender
377,Smallbone,William,Southampton,3,0.0,171,1.1,5,17,16.8,7.4,9.0,0,0,0,5,0,0,0,0,0,0,0,Midfielder
378,Obafemi,Michael,Southampton,4,7.1,57,0.9,4,12,5.6,10.8,4.0,0,0,0,2,0,0,0,0,0,0,0,Forward
488,Ruddy,John,Wolves,1,0.3,91,0.9,4,19,25.4,0.0,0.0,0,0,0,1,0,0,0,0,0,3,0,Goalkeeper
124,Peacock-Farrell,Bailey,Burnley,1,0.1,360,0.7,3,49,82.6,0.0,0.0,0,0,0,14,0,0,0,0,0,10,0,Goalkeeper
121,Norris,Will,Burnley,1,0.2,180,0.7,3,20,15.2,10.0,0.0,0,0,0,4,0,0,0,0,0,2,0,Goalkeeper
48,Moraes,Wesley,Aston Villa,4,0.2,15,0.5,3,11,5.0,1.1,17.0,0,0,0,1,0,0,0,0,0,0,0,Forward
106,Bardsley,Phil,Burnley,2,1.0,273,0.5,2,28,39.4,12.9,6.0,0,0,0,8,0,0,0,2,0,0,0,Defender
266,Tsimikas,Konstantinos,Liverpool,2,1.4,6,0.5,2,5,0.0,0.1,0.0,0,0,0,0,0,0,0,0,0,0,0,Defender
193,Virgínia,João,Everton,1,2.3,47,0.5,2,10,25.0,0.0,0.0,0,0,0,0,0,0,0,0,0,3,0,Goalkeeper
282,Steffen,Zack,Man City,1,0.3,90,0.4,2,8,9.6,0.0,0.0,0,0,0,1,0,0,0,0,0,1,0,Goalkeeper
164,Butland,Jack,Crystal Palace,1,0.5,90,0.4,2,14,16.6,0.0,0.0,0,0,0,2,0,0,0,0,0,3,0,Goalkeeper
196,Gray,Demarai,Everton,3,0.3,18,0.2,1,3,0.2,1.3,3.0,0,0,0,0,0,0,0,0,0,0,0,Midfielder
1,Rúnarsson,Rúnar Alex,Arsenal,1,1.2,15,0.2,1,8,16.6,0.0,0.0,0,0,0,0,0,0,0,0,0,2,0,Goalkeeper
159,Kelly,Martin,Crystal Palace,2,1.5,1,0.2,1,3,2.2,0.0,0.0,0,0,0,0,0,0,0,0,0,0,0,Defender
487,Mosquera Valdelamar,Yerson,Wolves,2,0.2,0,0.0,0,0,0.0,0.0,0.0,0,0,0,0,0,0,0,0,0,0,0,Defender
415,Cleverley,Tom,Watford,3,0.1,0,0.0,0,0,0.0,0.0,0.0,0,0,0,0,0,0,0,0,0,0,0,Midfielder
416,Femenía Far,Francisco,Watford,2,0.5,0,0.0,0,0,0.0,0.0,0.0,0,0,0,0,0,0,0,0,0,0,0,Defender
430,Sierralta,Francisco,Watford,2,0.5,0,0.0,0,0,0.0,0.0,0.0,0,0,0,0,0,0,0,0,0,0,0,Defender
417,Gray,Andre,Watford,4,0.3,0,0.0,0,0,0.0,0.0,0.0,0,0,0,0,0,0,0,0,0,0,0,Forward
418,Kabasele,Christian,Watford,2,0.2,0,0.0,0,0,0.0,0.0,0.0,0,0,0,0,0,0,0,0,0,0,0,Defender
489,Machado Mota de Castro Trincão,Francisco,Wolves,3,0.5,0,0.0,0,0,0.0,0.0,0.0,0,0,0,0,0,0,0,0,0,0,0,Midfielder
419,Chalobah,Nathaniel,Watford,3,0.1,0,0.0,0,0,0.0,0.0,0.0,0,0,0,0,0,0,0,0,0,0,0,Midfielder
429,Fletcher,Ashley,Watford,4,0.4,0,0.0,0,0,0.0,0.0,0.0,0,0,0,0,0,0,0,0,0,0,0,Forward
428,Dele-Bashiru,Ayotomiwa,Watford,3,0.1,0,0.0,0,0,0.0,0.0,0.0,0,0,0,0,0,0,0,0,0,0,0,Midfielder
422,Perica,Stipe,Watford,4,4.6,0,0.0,0,0,0.0,0.0,0.0,0,0,0,0,0,0,0,0,0,0,0,Forward
427,Success Ajayi,Isaac,Watford,4,0.8,0,0.0,0,0,0.0,0.0,0.0,0,0,0,0,0,0,0,0,0,0,0,Forward
426,Zinckernagel,Philip,Watford,3,0.1,0,0.0,0,0,0.0,0.0,0.0,0,0,0,0,0,0,0,0,0,0,0,Midfielder
420,Hughes,Will,Watford,3,0.1,0,0.0,0,0,0.0,0.0,0.0,0,0,0,0,0,0,0,0,0,0,0,Midfielder
425,Sema,Ken,Watford,3,0.1,0,0.0,0,0,0.0,0.0,0.0,0,0,0,0,0,0,0,0,0,0,0,Midfielder
424,Masina,Adam,Watford,2,0.2,0,0.0,0,0,0.0,0.0,0.0,0,0,0,0,0,0,0,0,0,0,0,Defender
485,Söndergaard,Andreas,Wolves,1,1.2,0,0.0,0,0,0.0,0.0,0.0,0,0,0,0,0,0,0,0,0,0,0,Goalkeeper
421,Troost-Ekong,William,Watford,2,0.2,0,0.0,0,0,0.0,0.0,0.0,0,0,0,0,0,0,0,0,0,0,0,Defender
423,Bachmann,Daniel,Watford,1,3.3,0,0.0,0,0,0.0,0.0,0.0,0,0,0,0,0,0,0,0,0,0,0,Goalkeeper
432,Navarro,Marc,Watford,2,1.2,0,0.0,0,0,0.0,0.0,0.0,0,0,0,0,0,0,0,0,0,0,0,Defender
431,Quina,Domingos,Watford,3,0.1,0,0.0,0,0,0.0,0.0,0.0,0,0,0,0,0,0,0,0,0,0,0,Midfielder
31,Hourihane,Conor,Aston Villa,3,0.1,0,0.0,0,0,0.0,0.0,0.0,0,0,0,0,0,0,0,0,0,0,0,Midfielder
433,Sarr,Ismaila,Watford,3,4.8,0,0.0,0,0,0.0,0.0,0.0,0,0,0,0,0,0,0,0,0,0,0,Midfielder
10,Kolasinac,Sead,Arsenal,2,0.2,0,0.0,0,0,0.0,0.0,0.0,0,0,0,0,0,0,0,0,0,0,0,Defender
33,Engels,Björn,Aston Villa,2,0.0,0,0.0,0,0,0.0,0.0,0.0,0,0,0,0,0,0,0,0,0,0,0,Defender
30,Steer,Jed,Aston Villa,1,1.0,0,0.0,0,0,0.0,0.0,0.0,0,0,0,0,0,0,0,0,0,0,0,Goalkeeper
29,Sambi Lokonga,Albert,Arsenal,3,0.2,0,0.0,0,0,0.0,0.0,0.0,0,0,0,0,0,0,0,0,0,0,0,Midfielder
28,Varela Tavares,Nuno,Arsenal,2,0.5,0,0.0,0,0,0.0,0.0,0.0,0,0,0,0,0,0,0,0,0,0,0,Defender
44,Buendía Stati,Emiliano,Aston Villa,3,14.2,0,0.0,0,0,0.0,0.0,0.0,0,0,0,0,0,0,0,0,0,0,0,Midfielder
47,Guilbert,Frédéric,Aston Villa,2,0.1,0,0.0,0,0,0.0,0.0,0.0,0,0,0,0,0,0,0,0,0,0,0,Defender
26,Saliba,William,Arsenal,2,0.0,0,0.0,0,0,0.0,0.0,0.0,0,0,0,0,0,0,0,0,0,0,0,Defender
413,Cathcart,Craig,Watford,2,0.3,0,0.0,0,0,0.0,0.0,0.0,0,0,0,0,0,0,0,0,0,0,0,Defender
49,Samatta,Mbwana Ally,Aston Villa,4,0.0,0,0.0,0,0,0.0,0.0,0.0,0,0,0,0,0,0,0,0,0,0,0,Forward
24,Guendouzi,Mattéo,Arsenal,3,0.0,0,0.0,0,0,0.0,0.0,0.0,0,0,0,0,0,0,0,0,0,0,0,Midfielder
23,Mavropanos,Konstantinos,Arsenal,2,0.0,0,0.0,0,0,0.0,0.0,0.0,0,0,0,0,0,0,0,0,0,0,0,Defender
450,Reid,Winston,West Ham,2,2.0,0,0.0,0,0,0.0,0.0,0.0,0,0,0,0,0,0,0,0,0,0,0,Defender
53,Young,Ashley,Aston Villa,2,0.9,0,0.0,0,0,0.0,0.0,0.0,0,0,0,0,0,0,0,0,0,0,0,Defender
445,Hernández Suárez,Juan Camilo,Watford,4,0.3,0,0.0,0,0,0.0,0.0,0.0,0,0,0,0,0,0,0,0,0,0,0,Forward
444,Awokoya-Mebude,Adedapo,Watford,4,1.2,0,0.0,0,0,0.0,0.0,0.0,0,0,0,0,0,0,0,0,0,0,0,Forward
17,Torreira,Lucas,Arsenal,3,0.4,0,0.0,0,0,0.0,0.0,0.0,0,0,0,0,0,0,0,0,0,0,0,Midfielder
442,Etebo,Oghenekaro Peter,Watford,3,0.2,0,0.0,0,0,0.0,0.0,0.0,0,0,0,0,0,0,0,0,0,0,0,Midfielder
441,Pollock,Matthew,Watford,2,1.0,0,0.0,0,0,0.0,0.0,0.0,0,0,0,0,0,0,0,0,0,0,0,Defender
440,Dennis,Emmanuel,Watford,4,0.6,0,0.0,0,0,0.0,0.0,0.0,0,0,0,0,0,0,0,0,0,0,0,Forward
439,Baah,Kwadwo,Watford,3,0.2,0,0.0,0,0,0.0,0.0,0.0,0,0,0,0,0,0,0,0,0,0,0,Midfielder
438,Junqueira de Jesus,João Pedro,Watford,4,1.1,0,0.0,0,0,0.0,0.0,0.0,0,0,0,0,0,0,0,0,0,0,0,Forward
437,Louza,Imrân,Watford,3,0.1,0,0.0,0,0,0.0,0.0,0.0,0,0,0,0,0,0,0,0,0,0,0,Midfielder
436,Hungbo,Joseph,Watford,3,0.1,0,0.0,0,0,0.0,0.0,0.0,0,0,0,0,0,0,0,0,0,0,0,Midfielder
435,Wilmot,Ben,Watford,2,0.0,0,0.0,0,0,0.0,0.0,0.0,0,0,0,0,0,0,0,0,0,0,0,Defender
434,Ngakia,Jeremy,Watford,2,0.1,0,0.0,0,0,0.0,0.0,0.0,0,0,0,0,0,0,0,0,0,0,0,Defender
414,Deeney,Troy,Watford,4,3.5,0,0.0,0,0,0.0,0.0,0.0,0,0,0,0,0,0,0,0,0,0,0,Forward
361,Giannoulis,Dimitris,Norwich,2,0.1,0,0.0,0,0,0.0,0.0,0.0,0,0,0,0,0,0,0,0,0,0,0,Defender
412,Gosling,Dan,Watford,3,0.1,0,0.0,0,0,0.0,0.0,0.0,0,0,0,0,0,0,0,0,0,0,0,Midfielder
342,Stiepermann,Marco,Norwich,3,0.0,0,0.0,0,0,0.0,0.0,0.0,0,0,0,0,0,0,0,0,0,0,0,Midfielder
79,Ajer,Kristoffer,Brentford,2,0.5,0,0.0,0,0,0.0,0.0,0.0,0,0,0,0,0,0,0,0,0,0,0,Defender
78,Onyeka,Frank,Brentford,3,0.1,0,0.0,0,0,0.0,0.0,0.0,0,0,0,0,0,0,0,0,0,0,0,Midfielder
77,Bidstrup,Mads,Brentford,3,0.1,0,0.0,0,0,0.0,0.0,0.0,0,0,0,0,0,0,0,0,0,0,0,Midfielder
76,Mbeumo,Bryan,Brentford,3,1.1,0,0.0,0,0,0.0,0.0,0.0,0,0,0,0,0,0,0,0,0,0,0,Midfielder
339,McGovern,Michael,Norwich,1,0.7,0,0.0,0,0,0.0,0.0,0.0,0,0,0,0,0,0,0,0,0,0,0,Goalkeeper
340,Krul,Tim,Norwich,1,1.8,0,0.0,0,0,0.0,0.0,0.0,0,0,0,0,0,0,0,0,0,0,0,Goalkeeper
341,Pukki,Teemu,Norwich,4,8.9,0,0.0,0,0,0.0,0.0,0.0,0,0,0,0,0,0,0,0,0,0,0,Forward
343,Rupp,Lukas,Norwich,3,0.2,0,0.0,0,0,0.0,0.0,0.0,0,0,0,0,0,0,0,0,0,0,0,Midfielder
83,Duffy,Shane,Brighton,2,4.0,0,0.0,0,0,0.0,0.0,0.0,0,0,0,0,0,0,0,0,0,0,0,Defender
344,McLean,Kenny,Norwich,3,0.1,0,0.0,0,0,0.0,0.0,0.0,0,0,0,0,0,0,0,0,0,0,0,Midfielder
345,Hanley,Grant,Norwich,2,0.3,0,0.0,0,0,0.0,0.0,0.0,0,0,0,0,0,0,0,0,0,0,0,Defender
346,Hernández,Onel,Norwich,3,0.1,0,0.0,0,0,0.0,0.0,0.0,0,0,0,0,0,0,0,0,0,0,0,Midfielder
347,Byram,Sam,Norwich,2,0.2,0,0.0,0,0,0.0,0.0,0.0,0,0,0,0,0,0,0,0,0,0,0,Defender
348,Hugill,Jordan,Norwich,4,0.1,0,0.0,0,0,0.0,0.0,0.0,0,0,0,0,0,0,0,0,0,0,0,Forward
349,Dowell,Kieran,Norwich,3,0.1,0,0.0,0,0,0.0,0.0,0.0,0,0,0,0,0,0,0,0,0,0,0,Midfielder
350,Zimmermann,Christoph,Norwich,2,0.2,0,0.0,0,0,0.0,0.0,0.0,0,0,0,0,0,0,0,0,0,0,0,Defender
81,Steele,Jason,Brighton,1,1.9,0,0.0,0,0,0.0,0.0,0.0,0,0,0,0,0,0,0,0,0,0,0,Goalkeeper
94,Fernandes Da Silva Junior,Bernardo,Brighton,2,0.1,0,0.0,0,0,0.0,0.0,0.0,0,0,0,0,0,0,0,0,0,0,0,Defender
352,Aarons,Max,Norwich,2,3.2,0,0.0,0,0,0.0,0.0,0.0,0,0,0,0,0,0,0,0,0,0,0,Defender
269,Davies,Ben,Liverpool,2,0.6,0,0.0,0,0,0.0,0.0,0.0,0,0,0,0,0,0,0,0,0,0,0,Defender
219,Soumaré,Boubakary,Leicester,3,0.1,0,0.0,0,0,0.0,0.0,0.0,0,0,0,0,0,0,0,0,0,0,0,Midfielder
218,Daka,Patson,Leicester,4,2.5,0,0.0,0,0,0.0,0.0,0.0,0,0,0,0,0,0,0,0,0,0,0,Forward
240,Firpo Adames,Héctor Junior,Leeds,2,1.4,0,0.0,0,0,0.0,0.0,0.0,0,0,0,0,0,0,0,0,0,0,0,Defender
241,Klaesson,Kristoffer,Leeds,1,0.1,0,0.0,0,0,0.0,0.0,0.0,0,0,0,0,0,0,0,0,0,0,0,Goalkeeper
201,Ward,Danny,Leicester,1,3.8,0,0.0,0,0,0.0,0.0,0.0,0,0,0,0,0,0,0,0,0,0,0,Goalkeeper
194,Begović,Asmir,Everton,1,1.6,0,0.0,0,0,0.0,0.0,0.0,0,0,0,0,0,0,0,0,0,0,0,Goalkeeper
264,Konaté,Ibrahima,Liverpool,2,4.6,0,0.0,0,0,0.0,0.0,0.0,0,0,0,0,0,0,0,0,0,0,0,Defender
173,Guéhi,Marc,Crystal Palace,2,0.4,0,0.0,0,0,0.0,0.0,0.0,0,0,0,0,0,0,0,0,0,0,0,Defender
314,Sancho,Jadon,Man Utd,3,13.0,0,0.0,0,0,0.0,0.0,0.0,0,0,0,0,0,0,0,0,0,0,0,Midfielder
171,Olise,Michael,Crystal Palace,3,0.3,0,0.0,0,0,0.0,0.0,0.0,0,0,0,0,0,0,0,0,0,0,0,Midfielder
169,Ferguson,Nathan,Crystal Palace,2,0.0,0,0.0,0,0,0.0,0.0,0.0,0,0,0,0,0,0,0,0,0,0,0,Defender
166,Jach,Jarosław,Crystal Palace,2,0.1,0,0.0,0,0,0.0,0.0,0.0,0,0,0,0,0,0,0,0,0,0,0,Defender
127,Hennessey,Wayne,Burnley,1,0.2,0,0.0,0,0,0.0,0.0,0.0,0,0,0,0,0,0,0,0,0,0,0,Goalkeeper
126,Collins,Nathan,Burnley,2,0.1,0,0.0,0,0,0.0,0.0,0.0,0,0,0,0,0,0,0,0,0,0,0,Defender
104,Scherpen,Kjell,Brighton,1,0.2,0,0.0,0,0,0.0,0.0,0.0,0,0,0,0,0,0,0,0,0,0,0,Goalkeeper
103,Mwepu,Enock,Brighton,3,0.2,0,0.0,0,0,0.0,0.0,0.0,0,0,0,0,0,0,0,0,0,0,0,Midfielder
351,Cantwell,Todd,Norwich,3,2.6,0,0.0,0,0,0.0,0.0,0.0,0,0,0,0,0,0,0,0,0,0,0,Midfielder
353,Sørensen,Jacob,Norwich,2,0.1,0,0.0,0,0,0.0,0.0,0.0,0,0,0,0,0,0,0,0,0,0,0,Defender
411,Rose,Danny,Watford,2,1.1,0,0.0,0,0,0.0,0.0,0.0,0,0,0,0,0,0,0,0,0,0,0,Defender
58,Toney,Ivan,Brentford,4,30.4,0,0.0,0,0,0.0,0.0,0.0,0,0,0,0,0,0,0,0,0,0,0,Forward
65,Ghoddos,Saman,Brentford,3,0.1,0,0.0,0,0,0.0,0.0,0.0,0,0,0,0,0,0,0,0,0,0,0,Midfielder
64,Janelt,Vitaly,Brentford,3,0.1,0,0.0,0,0,0.0,0.0,0.0,0,0,0,0,0,0,0,0,0,0,0,Midfielder
63,Henry,Rico,Brentford,2,0.7,0,0.0,0,0,0.0,0.0,0.0,0,0,0,0,0,0,0,0,0,0,0,Defender
62,Dasilva,Pelenda Joshua,Brentford,3,0.2,0,0.0,0,0,0.0,0.0,0.0,0,0,0,0,0,0,0,0,0,0,0,Midfielder
61,Canós,Sergi,Brentford,3,0.3,0,0.0,0,0,0.0,0.0,0.0,0,0,0,0,0,0,0,0,0,0,0,Midfielder
60,Raya Martin,David,Brentford,1,1.8,0,0.0,0,0,0.0,0.0,0.0,0,0,0,0,0,0,0,0,0,0,0,Goalkeeper
59,Fosu-Henry,Tariqe,Brentford,3,0.2,0,0.0,0,0,0.0,0.0,0.0,0,0,0,0,0,0,0,0,0,0,0,Midfielder
57,Nørgaard,Christian,Brentford,3,0.3,0,0.0,0,0,0.0,0.0,0.0,0,0,0,0,0,0,0,0,0,0,0,Midfielder
383,Livramento,Tino,Southampton,2,1.3,0,0.0,0,0,0.0,0.0,0.0,0,0,0,0,0,0,0,0,0,0,0,Defender
400,Sessegnon,Ryan,Spurs,2,0.2,0,0.0,0,0,0.0,0.0,0.0,0,0,0,0,0,0,0,0,0,0,0,Defender
56,Jansson,Pontus,Brentford,2,0.6,0,0.0,0,0,0.0,0.0,0.0,0,0,0,0,0,0,0,0,0,0,0,Defender
405,Skipp,Oliver,Spurs,3,0.3,0,0.0,0,0,0.0,0.0,0.0,0,0,0,0,0,0,0,0,0,0,0,Midfielder
55,Bailey,Leon,Aston Villa,3,1.7,0,0.0,0,0,0.0,0.0,0.0,0,0,0,0,0,0,0,0,0,0,0,Midfielder
408,Gollini,Pierluigi,Spurs,1,0.2,0,0.0,0,0,0.0,0.0,0.0,0,0,0,0,0,0,0,0,0,0,0,Goalkeeper
409,Gil Salvatierra,Bryan,Spurs,3,0.2,0,0.0,0,0,0.0,0.0,0.0,0,0,0,0,0,0,0,0,0,0,0,Midfielder
410,Foster,Ben,Watford,1,27.1,0,0.0,0,0,0.0,0.0,0.0,0,0,0,0,0,0,0,0,0,0,0,Goalkeeper
384,Hart,Joe,Spurs,1,0.2,0,0.0,0,0,0.0,0.0,0.0,0,0,0,0,0,0,0,0,0,0,0,Goalkeeper
382,Perraud,Romain,Southampton,2,0.2,0,0.0,0,0,0.0,0.0,0.0,0,0,0,0,0,0,0,0,0,0,0,Defender
354,Placheta,Przemyslaw,Norwich,3,0.1,0,0.0,0,0,0.0,0.0,0.0,0,0,0,0,0,0,0,0,0,0,0,Midfielder
75,Dervişoğlu,Halil,Brentford,4,0.1,0,0.0,0,0,0.0,0.0,0.0,0,0,0,0,0,0,0,0,0,0,0,Forward
355,Idah,Adam,Norwich,4,0.7,0,0.0,0,0,0.0,0.0,0.0,0,0,0,0,0,0,0,0,0,0,0,Forward
356,Martin,Josh,Norwich,3,0.0,0,0.0,0,0,0.0,0.0,0.0,0,0,0,0,0,0,0,0,0,0,0,Midfielder
357,Omobamidele,Andrew,Norwich,2,2.6,0,0.0,0,0,0.0,0.0,0.0,0,0,0,0,0,0,0,0,0,0,0,Defender
358,Gunn,Angus,Norwich,1,1.5,0,0.0,0,0,0.0,0.0,0.0,0,0,0,0,0,0,0,0,0,0,0,Goalkeeper
359,Rashica,Milot,Norwich,3,0.3,0,0.0,0,0,0.0,0.0,0.0,0,0,0,0,0,0,0,0,0,0,0,Midfielder
360,Gibson,Ben,Norwich,2,0.1,0,0.0,0,0,0.0,0.0,0.0,0,0,0,0,0,0,0,0,0,0,0,Defender
362,Lees-Melou,Pierre,Norwich,3,0.1,0,0.0,0,0,0.0,0.0,0.0,0,0,0,0,0,0,0,0,0,0,0,Midfielder
74,Gunnarsson,Patrik,Brentford,1,1.4,0,0.0,0,0,0.0,0.0,0.0,0,0,0,0,0,0,0,0,0,0,0,Goalkeeper
66,Jensen,Mathias,Brentford,3,0.2,0,0.0,0,0,0.0,0.0,0.0,0,0,0,0,0,0,0,0,0,0,0,Midfielder
73,Zamburek,Jan,Brentford,3,1.0,0,0.0,0,0,0.0,0.0,0.0,0,0,0,0,0,0,0,0,0,0,0,Midfielder
72,Balcombe,Ellery,Brentford,1,0.1,0,0.0,0,0,0.0,0.0,0.0,0,0,0,0,0,0,0,0,0,0,0,Goalkeeper
71,Pinnock,Ethan,Brentford,2,0.3,0,0.0,0,0,0.0,0.0,0.0,0,0,0,0,0,0,0,0,0,0,0,Defender
70,Bech Sørensen,Mads,Brentford,2,0.2,0,0.0,0,0,0.0,0.0,0.0,0,0,0,0,0,0,0,0,0,0,0,Defender
69,Roerslev Rasmussen,Mads,Brentford,2,0.2,0,0.0,0,0,0.0,0.0,0.0,0,0,0,0,0,0,0,0,0,0,0,Defender
68,Forss,Marcus,Brentford,4,0.2,0,0.0,0,0,0.0,0.0,0.0,0,0,0,0,0,0,0,0,0,0,0,Forward
67,Goode,Charlie,Brentford,2,1.9,0,0.0,0,0,0.0,0.0,0.0,0,0,0,0,0,0,0,0,0,0,0,Defender
491,Malheiro de Sá,José,Wolves,1,0.5,0,0.0,0,0,0.0,0.0,0.0,0,0,0,0,0,0,0,0,0,0,0,Goalkeeper
